USE MASTER
GO
-----------
DROP DATABASE HOSPITAL
GO

CREATE DATABASE HOSPITAL
GO

use HOSPITAL

-----------

DROP TABLE APPONTMENTS
DROP TABLE DOCTORS
DROP TABLE HOSPITALL
DROP TABLE USERS

-----------
create table HOSPITALL(
HOSPITALID INT CONSTRAINT PK_HOSPITALID PRIMARY KEY IDENTITY (1001,1),
HOSPITALNAME varchar(50) NOT NULL,
HOSPITALADDRESS VARCHAR(50) NOT NULL,
CONTACT BIGINT NOT NULL,
HOSPITALIMAGE VARCHAR(50) CONSTRAINT HI_DEFAULT DEFAULT '../../../PATILHOSPITAL.JPG'
)
GO


CREATE TABLE DOCTORS(
DID INT CONSTRAINT PK_DID PRIMARY KEY IDENTITY(101,1),
DNAME VARCHAR(30) NOT NULL,
DEGREE VARCHAR(10) NOT NULL,
EXPERIENCE TINYINT DEFAULT 0,
WORKSIN INT CONSTRAINT FK_WORKSIN REFERENCES HOSPITALL(HOSPITALID),
DIMAGE VARCHAR(30) DEFAULT '../../assets/Doctor/d1.jpg'
)
GO


CREATE TABLE USERS(
MAILID VARCHAR(30) CONSTRAINT PK_MAIL PRIMARY KEY,
USERNAME VARCHAR(20) NOT NULL,
GENDER VARCHAR(6) NOT NULL CONSTRAINT CK_GENDER CHECK (GENDER IN('MALE', 'FEMALE')) ,  ------CHECK MALE OR FEMALE
PASTPROBLEMS VARCHAR(50),
CONTACTUMBER BIGINT NOT NULL,
USERADDRESS VARCHAR(50) NOT NULL,
[PASSWORD] VARCHAR (50) NOT NULL,
FIRSTNAME VARCHAR (10) NOT NULL,
LASTNAME VARCHAR (10) NOT NULL,
)
GO


CREATE TABLE APPONTMENTS(
APPONTMENTID INT CONSTRAINT PK_APPONTMENTID PRIMARY KEY IDENTITY(10001, 1),
HOSPITALID INT CONSTRAINT FK_HOSPITALID REFERENCES HOSPITALL(HOSPITALID),
USERID VARCHAR(30) CONSTRAINT FK_USERID REFERENCES USERS(MAILID),
DOCTORID INT CONSTRAINT FK_DOCTORID REFERENCES DOCTORS(DID),
APPOINTMENTTIME DATETIME CONSTRAINT CK_DATETIME CHECK (APPOINTMENTTIME >= GETDATE())
)
GO


SET IDENTITY_INSERT HOSPITALL ON
GO
INSERT INTO HOSPITALL (HOSPITALID, HOSPITALNAME,HOSPITALADDRESS,CONTACT,HOSPITALIMAGE) VALUES (1001,'PATIL HOSPITAL','HINJEWADI PUNE', 1234567890, '../../../PATILHOSPITAL.JPG')
INSERT INTO HOSPITALL (HOSPITALID, HOSPITALNAME,HOSPITALADDRESS,CONTACT,HOSPITALIMAGE) VALUES (1002,'APPLE HOSPITAL','WAKAD BRIDGE PUNE', 7865467890, '../../../PATILHOSPITAL.JPG')
INSERT INTO HOSPITALL (HOSPITALID, HOSPITALNAME,HOSPITALADDRESS,CONTACT,HOSPITALIMAGE) VALUES (1003,'SANCHETI HOSPITAL','SHIVAJI NAGAR PUNE', 9876543212, '../../../PATILHOSPITAL.JPG')
INSERT INTO HOSPITALL (HOSPITALID, HOSPITALNAME,HOSPITALADDRESS,CONTACT,HOSPITALIMAGE) VALUES (1004,'RUBY HOSPITAL','DANGE CHOWK PUNE', 8796543267, '../../../PATILHOSPITAL.JPG')
INSERT INTO HOSPITALL (HOSPITALID, HOSPITALNAME,HOSPITALADDRESS,CONTACT,HOSPITALIMAGE) VALUES (1005,'AMRUTA CLINIC','PRAKASH TALKIES DHULE', 9087890987, '../../../PATILHOSPITAL.JPG')
GO
SET IDENTITY_INSERT HOSPITALL OFF
GO
SET IDENTITY_INSERT DOCTORS ON
GO
INSERT INTO DOCTORS (DID,DNAME,DEGREE,EXPERIENCE,WORKSIN,DIMAGE) VALUES (101,'Vidyu Gaurav Patil',    'MBBS', 2,    1001,'../../../vidyu.jpg')
INSERT INTO DOCTORS (DID,DNAME,DEGREE,EXPERIENCE,WORKSIN,DIMAGE) VALUES (102,'Shailesh Ramlal Deore', 'MRD',  4,    1002,'../../../vidyu.jpg')
INSERT INTO DOCTORS (DID,DNAME,DEGREE,EXPERIENCE,WORKSIN,DIMAGE) VALUES (103,'Devendra Nagraj Patil', 'MBBS', 8,    1002,'../../../vidyu.jpg')
INSERT INTO DOCTORS (DID,DNAME,DEGREE,EXPERIENCE,WORKSIN,DIMAGE) VALUES (104,'Hitesh Patil',          'MBBS', 10,   1003,'../../../vidyu.jpg')
INSERT INTO DOCTORS (DID,DNAME,DEGREE,EXPERIENCE,WORKSIN,DIMAGE) VALUES (105,'Amol Wagh',             'MBBS', 19,   1004,'../../../vidyu.jpg')
INSERT INTO DOCTORS (DID,DNAME,DEGREE,EXPERIENCE,WORKSIN,DIMAGE) VALUES (106,'Akshay  Girase',        'MBBS', null, 1005,'../../../vidyu.jpg')
GO
SET IDENTITY_INSERT DOCTORS OFF
GO


INSERT INTO USERS VALUES ('GAURAVPATIL2360@GMAIL.COM','Gaurav Patil'   ,'MALE',   'HEART DESEASE', 8788874025, 'NEAR SHIVAJI MAHARAJ STATUE, FAGNE')
INSERT INTO USERS VALUES ('abcd@gmail.COM'           ,'Jack Martin'    ,'FEMALE', 'HEART DESEASE', 8788874025, 'NEAR SHIVAJI MAHARAJ STATUE, FAGNE')
INSERT INTO USERS VALUES ('gcfsucyfc@GMAIL.COM'      ,'Gitesh Pawar'   ,'MALE',   'HEART DESEASE', 8788874025, 'NEAR SHIVAJI MAHARAJ STATUE, FAGNE')
INSERT INTO USERS VALUES ('kajalagrawal@GMAIL.COM'   ,'Kamlesh Gel'    ,'MALE',   'HEART DESEASE', 8788874025, 'NEAR SHIVAJI MAHARAJ STATUE, FAGNE')
INSERT INTO USERS VALUES ('deorenilesh232@GMAIL.COM'  ,'lAKIRCHAND Ojha','MALe',  'HEART DESEASE', 8788874025, 'NEAR SHIVAJI MAHARAJ STATUE, FAGNE')
INSERT INTO USERS VALUES ('noneofjacck@GMAIL.COM'    ,'Rakesh Mahajan' ,'MALE', 'HEART DESEASE', 8788874025, 'NEAR SHIVAJI MAHARAJ STATUE, FAGNE')
INSERT INTO USERS VALUES ('masterofall@GMAIL.COM'    ,'Master Of All'  ,'MALE', 'HEART DESEASE', 8788874025, 'NEAR SHIVAJI MAHARAJ STATUE, FAGNE')
INSERT INTO USERS VALUES ('makeshurebeloved@GMAIL.COM','Mukesh Loved'  ,'MALE', 'HEART DESEASE', 8788874025, 'NEAR SHIVAJI MAHARAJ STATUE, FAGNE')
INSERT INTO USERS VALUES ('ajitbhamare5678@GMAIL.COM','Ajit Bhamare'   ,'MALE', 'HEART DESEASE', 8788874025, 'NEAR SHIVAJI MAHARAJ STATUE, FAGNE')
GO

SET IDENTITY_INSERT APPONTMENTS ON
GO

INSERT INTO APPONTMENTS ([APPONTMENTID], [HOSPITALID], [USERID], [DOCTORID], [APPOINTMENTTIME]) VALUES (10001, 1001, 'GAURAVPATIL2360@GMAIL.COM', 101, (CAST('2023-10-03 15:32:06' AS DateTime)))
INSERT INTO APPONTMENTS ([APPONTMENTID], [HOSPITALID], [USERID], [DOCTORID], [APPOINTMENTTIME]) VALUES (10002, 1004, 'ajitbhamare5678@GMAIL.COM', 102, (CAST('2023-10-04 15:32:06' AS DateTime)))
INSERT INTO APPONTMENTS ([APPONTMENTID], [HOSPITALID], [USERID], [DOCTORID], [APPOINTMENTTIME]) VALUES (10003, 1003, 'deorenilesh23@GMAIL.COM', 103, (CAST('2023-10-05 15:32:06' AS DateTime)))
INSERT INTO APPONTMENTS ([APPONTMENTID], [HOSPITALID], [USERID], [DOCTORID], [APPOINTMENTTIME]) VALUES (10004, 1002, 'noneofjacck@GMAIL.COM', 104, (CAST('2023-10-06 15:32:06' AS DateTime)))
INSERT INTO APPONTMENTS ([APPONTMENTID], [HOSPITALID], [USERID], [DOCTORID], [APPOINTMENTTIME]) VALUES (10005, 1001, 'masterofall@GMAIL.COM', 105, (CAST('2023-10-12 15:32:06' AS DateTime)))
INSERT INTO APPONTMENTS ([APPONTMENTID], [HOSPITALID], [USERID], [DOCTORID], [APPOINTMENTTIME]) VALUES (10006, 1004, 'gcfsucyfc@GMAIL.COM', 103, (CAST('2023-10-03 22:32:06' AS DateTime)))
INSERT INTO APPONTMENTS ([APPONTMENTID], [HOSPITALID], [USERID], [DOCTORID], [APPOINTMENTTIME]) VALUES (10007, 1002, 'kajalagrawal@GMAIL.COM', 104, (CAST('2023-10-13 15:32:06' AS DateTime)))
INSERT INTO APPONTMENTS ([APPONTMENTID], [HOSPITALID], [USERID], [DOCTORID], [APPOINTMENTTIME]) VALUES (10008, 1003, 'kajalagrawal@GMAIL.COM', 103, (CAST('2023-10-13 15:32:06' AS DateTime)))
GO

SET IDENTITY_INSERT APPONTMENTS OFF
GO

------------------------------------------------------------


select * from HOSPITALL
select * from USERS
select * from DOCTORS
select * from APPONTMENTS
GO


--TABLE VALUED FUNCTION---------------------------------------------------------------

CREATE FUNCTION UFN_USERAPPOINTMENTS_BY_ID(@mailId varchar(30))
RETURNS TABLE
AS
RETURN(
SELECT D.DNAME as DoctorName ,A.APPONTMENTID as APPONTMENTID , A.APPOINTMENTTIME as AppointmentDT , H.HOSPITALNAME as HospitalName, H.HOSPITALADDRESS as HospitalAddress, H.CONTACT as HospitalContact
FROM DOCTORS D JOIN APPONTMENTS A ON D.DID = A.DOCTORID
JOIN HOSPITALL H ON H.HOSPITALID = A.HOSPITALID WHERE A.USERID = @mailId
);
GO


--STORED PROCEDURE---------------------------------------------------------------------

CREATE PROCEDURE USP_USERREGISTER(
 @mailid varchar(30),
 @username varchar(20),
 @gender varchar(6),
 @pastproblems varchar(50),
 @contact bigint,
 @useraddress varchar(50),
 @password varchar(50),
 @firstname varchar(10),
 @lastname varchar(10)
)
AS 
BEGIN
insert into USERS values 
(
@mailid, @username, @gender, @pastproblems, @contact, @useraddress, @firstname, @lastname, @password 
)
END
GO

--NOT WORKING
--CREATE PROCEDURE USP_INSERT_APPOINTMENTS(
--@HOSPITALID INT,
--@USERID VARCHAR(20),
--@DOCTORID INT,
--@APPOINTMENTTIME DATETIME

--)
--AS
--BEGIN
--DECLARE 
----@PREVIOUS DATETIME = (SELECT APPOINTMENTTIME-0.021 FROM APPONTMENTS WHERE @USERID=USERID),
----@NEXT DATETIME = (SELECT APPOINTMENTTIME+0.021 FROM APPONTMENTS WHERE @USERID=USERID)
--@PREVIOUS DATETIME = (SELECT  DATEADD(HOUR, -1, APPOINTMENTTIME) FROM APPONTMENTS WHERE @USERID=USERID),
--@NEXT DATETIME = (SELECT  DATEADD(HOUR, -1, APPOINTMENTTIME) FROM APPONTMENTS WHERE @USERID=USERID)

--BEGIN TRY
--IF (@APPOINTMENTTIME<GETDATE()) BEGIN SELECT GETDATE() RETURN -1 END
--ELSE IF EXISTS (SELECT MAILID FROM USERS WHERE MAILID = @USERID) BEGIN SELECT GETDATE() RETURN -2 END
--ELSE IF EXISTS (SELECT HOSPITALID FROM HOSPITALL WHERE HOSPITALID = @HOSPITALID) BEGIN SELECT GETDATE() RETURN -3 END
--ELSE IF EXISTS (SELECT DID FROM DOCTORS WHERE DOCTORS.DID = @DOCTORID) BEGIN SELECT GETDATE() RETURN -4 END
----USER SHOULD NOT ANY APPOINTMENT IN PREVIOUS AND NEXT HALF HOUR
--ELSE IF EXISTS(  SELECT USERID FROM APPONTMENTS WHERE @USERID=USERID AND (APPOINTMENTTIME >= @PREVIOUS) AND (APPOINTMENTTIME <= @NEXT) ) BEGIN SELECT GETDATE() RETURN -5 END
----DOCTOR SHOULD NOT ANY APPOINTMENT IN PREVIOUS AND NEXT HALF HOUR
--ELSE IF EXISTS(  SELECT USERID FROM APPONTMENTS WHERE @DOCTORID=DOCTORID AND APPOINTMENTTIME BETWEEN @PREVIOUS AND @NEXT ) BEGIN SELECT GETDATE() RETURN -6 END
--ELSE IF(1=1)
--INSERT INTO APPONTMENTS ( HOSPITALID, USERID, DOCTORID, APPOINTMENTTIME ) VALUES (@HOSPITALID, @USERID, @DOCTORID, @APPOINTMENTTIME)  BEGIN SELECT GETDATE() RETURN 7 END
--END TRY
--BEGIN CATCH
----SELECT ERROR_LINE, ERROR_MESSAGE
----RETURN -99
--END CATCH
--END
--GO

CREATE PROCEDURE USP_INSERT_APPOINTMENTS
(
    @HOSPITALID INT,
    @USERID VARCHAR(20),
    @DOCTORID INT,
    @APPOINTMENTTIME DATETIME
)
AS
BEGIN
    DECLARE @PREVIOUS DATETIME = DATEADD(MINUTE, -30, @APPOINTMENTTIME);
    DECLARE @NEXT DATETIME = DATEADD(MINUTE, 30, @APPOINTMENTTIME);
    
    BEGIN TRY
        IF (@APPOINTMENTTIME < GETDATE()) 
        BEGIN 
            -- Return -1 for past appointment
            RETURN -1 
        END
        ELSE IF NOT EXISTS (SELECT MAILID FROM USERS WHERE MAILID = @USERID) 
        BEGIN 
            -- Return -2 for invalid user
            RETURN -2 
        END
        ELSE IF NOT EXISTS (SELECT HOSPITALID FROM HOSPITALL WHERE HOSPITALID = @HOSPITALID) 
        BEGIN 
            -- Return -3 for invalid hospital
            RETURN -3 
        END
        ELSE IF NOT EXISTS (SELECT DID FROM DOCTORS WHERE DID = @DOCTORID) 
        BEGIN 
            -- Return -4 for invalid doctor
            RETURN -4 
        END
        ELSE IF EXISTS (
            SELECT 1 
            FROM APPONTMENTS 
            WHERE USERID = @USERID 
                AND APPOINTMENTTIME BETWEEN @PREVIOUS AND @NEXT
        )
        BEGIN 
            -- Return -5 for user having another appointment within half an hour
            RETURN -5 
        END
        ELSE IF EXISTS (
            SELECT 1 
            FROM APPONTMENTS 
            WHERE DOCTORID = @DOCTORID 
                AND APPOINTMENTTIME BETWEEN @PREVIOUS AND @NEXT
        )
        BEGIN 
            -- Return -6 for doctor having another appointment within half an hour
            RETURN -6 
        END
        ELSE
        BEGIN
            -- Insert the appointment if all checks pass
            INSERT INTO APPONTMENTS (HOSPITALID, USERID, DOCTORID, APPOINTMENTTIME)
            VALUES (@HOSPITALID, @USERID, @DOCTORID, @APPOINTMENTTIME);
            
            -- Return 7 for successful insertion
            RETURN 7 
        END
    END TRY
    BEGIN CATCH
        -- Handle exceptions here
    END CATCH
END
GO


DECLARE 
@RETURNRESULT INT
EXEC @RETURNRESULT= USP_INSERT_APPOINTMENTS 1001, 'GP@V.COM', 101, '2028-11-13 16:32:06'
SELECT @RETURNRESULT
GO

--DECLARE 
--@PREVIOUS DATETIME = (SELECT APPOINTMENTTIME-0.021 FROM APPONTMENTS WHERE 'GP@V.COM'=USERID),
--@NEXT DATETIME = (SELECT APPOINTMENTTIME+0.021 FROM APPONTMENTS WHERE 'GP@V.COM'=USERID)
--SELECT * FROM APPONTMENTS WHERE 'GP@V.COM'=USERID AND APPOINTMENTTIME BETWEEN @PREVIOUS AND @NEXT


--SELECT APPOINTMENTTIME , APPOINTMENTTIME+0.021,  APPOINTMENTTIME- 0.021 FROM APPONTMENTS
--SELECT  DATEADD(HOUR, -1, APPOINTMENTTIME) FROM APPONTMENTS